# Modifiers, Number key, Delay in ms, then sequence of actions. requires in game ctrl set to hold/press?.
# ALT+SHIFT,9,100,CTRL_DOWN,UP,DOWN,CTRL_UP = for held ctrl
#  https://www.corsair.com/us/en/explorer/gamer/keyboards/helldivers-2-stratagem-codes-complete-list/
ALT+SHIFT,0,100,Resupply,CTRL_DOWN,DOWN,DOWN,UP,RIGHT,CTRL_UP
ALT+SHIFT,1,100,Orbital Gatling Barrage,CTRL_DOWN,RIGHT,DOWN,LEFT,UP,UP,CTRL_UP
ALT+SHIFT,2,100,Eagle One Straifing Run,CTRL_DOWN,UP,RIGHT,RIGHT,RIGHT,CTRL_UP
#ALT+SHIFT,3,100,MG-43 Machine Gun,CTRL_DOWN,DOWN,LEFT,DOWN,UP,RIGHT,CTRL_UP
ALT+SHIFT,3,100,EAST-17 Expendable Anti-Tank,CTRL_DOWN,DOWN,DOWN,LEFT,UP,RIGHT,CTRL_UP
ALT+SHIFT,4,100,B-1 Supply Pack,CTRL_DOWN,DOWN,LEFT,DOWN,UP,UP,DOWN,CTRL_UP
ALT+SHIFT,5,100,AX/AR-23 Guard Dog,CTRL_DOWN,DOWN,UP,LEFT,UP,RIGHT,DOWN,CTRL_UP
ALT+SHIFT,6,100,LIFT-850 Jump Pack,CTRL_DOWN,DOWN,UP,UP,DOWN,UP,CTRL_UP
ALT+SHIFT,7,100,GL-21 LAS-99 Quasar Cannon,CTRL_DOWN,DOWN,DOWN,UP,LEFT,RIGHT,CTRL_UP
ALT+SHIFT,8,100,SA/MG-43 Machine Sentry,CTRL_DOWN,DOWN,UP,RIGHT,RIGHT,UP,CTRL_UP
ALT+SHIFT,9,100,A/M-12 Mortar Sentry,CTRL_DOWN,DOWN,UP,RIGHT,RIGHT,DOWN,CTRL_UP

Modifier,TriggerKey,Descriptor,MacroSequence
ALT+SHIFT,0,"Resupply",DOWN,DOWN,DOWN,UP,RIGHT
ALT+SHIFT,1,"Orbital Barrage",RIGHT,DOWN,LEFT,UP,UP
ALT+SHIFT,9,"Mortar Sentry",DOWN,UP,RIGHT,RIGHT,DOWN
